display_name,stub,dropdown_parent
Home,/,
Browse,/browse.html,
Timeline,/timeline.html,
Data,/data.html,
Blindfold Tests,https://www.lib.uidaho.edu/digital/blindfold/
Finding Aid,http://nwda.orbiscascade.org/ark:/80444/xv98547
About Leonard Feather,,
Biography,/bio.html,About Leonard Feather
Career,/career.html,About Leonard Feather
Journalist and Critic,/journalist.html,About Leonard Feather
Broadcaster and Producer,/broadcaster.html,About Leonard Feather
Musician and Composer,/musician.html,About Leonard Feather
Author and Historian,/author.html,About Leonard Feather
Human Rights Advocate,/advocate.html,About Leonard Feather
Sources,/sources.html,About Leonard Feather
IJC,https://www.ijc.uidaho.edu/
